Tweet	Label
trs barusan dia reach out aku trs minta tolong buat bantu project dia yaallaah aaaa jujur agak takut pressure tp ok gapapa	Fear
sumpah ini receh bgt dan not bts related. cm jujur w magang padet bgt dikasih project mayan banyak. trs kemaren ada senior gd presentasi gt dan keeren2 bgt nangis parah. trs aku pengen chat blio pengen tanya2. minta nomornya ke hrd, dapet, tp mau chat gajadi soalnya takut	Fear
ragu utk bisa beli barang tu karn harganya bisa buat cicilan bulanan	Fear
bisa gak sih langsung tanggal 11 aja gausah ada tanggal 10 gua takut banget mana 2 hari lagi	Fear
iya kaan yg lain suka pada coba pd gpp tp tetep takut wkwk	Fear
eh sumpah gw takut bangett. serem bangett itu orang	Fear
namnjim lag like like nya ngeri bgt, anak buah imam jumbo emg sama aja semuanya	Fear
ogeb bat dah pake sok sok an kaget	Fear
plis nilai akm keluarnya lama banget, takut	Fear
mau ikut esd aja telat, trus takut flop	Fear
emm hampir setiap waktu gitu sampe panik?	Fear
jadi malu saya	Fear
sinb kamu tiati mukanya yak takut krna evil edit	Fear
buset ngeri bgt	Fear
nah kan, sudah pasti ada alasan kuat, mengapa direksi sebelumya mengundurkan diri. belum apa apa udah jadi bumper. ngeri ngeri sedap.	Fear
pas bangun langsung kaget..	Fear
men's team grup b ngeri kali	Fear
but again aku ga registrasi beneran cuma stop di situ aja soalnya takut kualat kan udh dibilangin yg gap registrasinya tgl 14 hehe dah gitu aja	Fear
anak cewe sendirii, takut kenapa napaa kali. sy pun tak tahu	Fear
udah nyoba dari pagi-siang-sore-malem sampe jam 1/2/3/4 subuh juga kagak bisa trs aku panik dong	Fear
ntu ada kecoak, jijel takut	Fear
thanks udh speak up bang. gua ngeri akun lu tiba2 kena petrus :(	Fear
halo kak paket saya masih belum ada update dari tanggal 29 januari sampai sekarang dan belum sampai juga, bagaimana ya kak? saya khawatir jika paket saya hilang soalnya saya banyak lihat kasus paket hilang di twitter, mohon bantu follow up ya kak,saya sudah 12 hari menunggu paket	Fear
betuul sm takut balesannya	Fear
tadi pagi kelock yank.. dahlah meskipun udah unlock tetep takut banget jadinya move sekarang aja	Fear
ngeri yaampun	Fear
weh takut limit	Fear
hari ini gk dl,ngeri	Fear
klarifikasi di ig nya mz katanya ke resto sblm tau kl positif, itu lg nunggu hasil. pdhl kan bisa nunggu di mobil trs kl mau makan ya tinggal drive thru, gue nunggu hasil pcr aja ga kemana2, ngeri kl hasilnya positif bakal nularin, lah dia malah santai aja anjir	Fear
namun, untukku itu hal tabu dan ga baik untuk di lakukan, apalagi dada itu aurat nya cewek, hal sensitif nya cewek, meskipun masih kecil itu ga bisa di lakukan. kalo dilakukan terus menerus lama2 jadi biasa bagi yang melakukan, dan bakal di bawa sampek dewasa sumpah itu ngeri.	Fear
iya, aku biasanya di tengah-tengah krn takut ada kendala gitu. eh kena hnr	Fear
menyendiri dulu dehh,, mabok dulu biar ga panik	Fear
kucing kota, panik dia dikejer	Fear
takut la case naik ni erm	Fear
kenapa nak hasut orang tak vaksin? pastu bangga sangat bila orang vaksin takut nak cerita side effect kat dia.	Fear
takut ya.	Fear
ngeri mba:(	Fear
kok suaranya aneh dan bikin merinding ya	Fear
berkali kali ada debt colector ke rumah, nanya nama yg aku sendiri ga kenal huhu, takut	Fear
kyk kalo emg ga ada bs ga sih jgn accept orderan akuu. kan jdnya ngasih harapan palsu. aku gamau kacang ijoo maunya tausaa	Fear
lagi stuck nih.. gatau sampe kapan nih ceritaku. takut ngga bisa ngelanjutin ada yang pernah diposisi ini ngga guys? dan apa yg kalian lakuin biar survive lagi?	Fear
cuman kaget tok	Fear
andin aja bawa kesini,hazel masih bayi takut flu	Fear
takut banget loh	Fear
nyontek pas ujian seni musik. ya allah percayalah di sekolah gue semua anak lebih takut remidi musik ketimbang pelajaran eksakta lainnya soalnya susah dan males bgt gurunya paling killer seantero sekolah-	Fear
anjg kaget gue..	Fear
dua hari yang lalu gue dibeliin kopi, nah gue kan gaberani minum soalnya masih pagi takut asam lambung gue kambuh soalnya mau ada kegiatan kan. terus baru sempet minum kopinya barusan dan anjirr perasaan gue ga enak soalnya udah ngerasa agak dredeg dikit	Fear
proyek dibalik kepanikan..atau panik dibalik keproyekan	Fear
ngeri editannya	Fear
jangan panik jangan panik	Fear
serius? takut salah info	Fear
iya kann aku aja sampai kaget katanya mereka juga udh pada tau klo mirip	Fear
siap huaa takut loh aku	Fear
aah i baru baca data. dah terbiasa tengok kes tinggi je, jadi takut	Fear
dikepung, dikejar2, ditangkapi, ditakut-takut i.	Fear
takut..	Fear
kenapa pas gue kirim pas banget dibaca dari bawah anjengg malu bgt untung ga dikasih liat nama pengirim nya siapa	Fear
pengen blink selca day tp malu.	Fear
bener kaya, mau tinggal sama salah satu orang tua pasti sering makan hati. tapi kalo tinggal sendiri takut gabisa ngurus rumah apalagi diri sendiri. so one thing we have to do is survive	Fear
mau balik kampus nemuin kajur badan malah lemes gaenak badan jadi takut mau ke kampus lagi, moga aja ga kenapa" aku	Fear
kaget akun gua ke log out sndri	Fear
ngeri amat wkwk	Fear
ihh kaget tiba2 ada comback lagii ihh ya ampun sampe hiatus	Fear
weh baru balik ngerjain tugas kaget banget kok rame??	Fear
baim wong kaget menemukan banyak ular di rumahnya	Fear
klo gugup tuh rasa nya kya udh mau mati gra2 ga bisa nafas	Fear
md nya juga tolong jangan lupa dibacain takut meriang membutuh kan kasih sayang	Fear
emang ya kalo udah ragu mending gak usah sekalian	Fear
ngeri ni..	Fear
jpn, sgp takut gilaa	Fear
w jd takut pke jnt	Fear
ngeri	Fear
dan si mbak nya auto malu pake minta maaf, padahal netizen indo ketawa2 doang karna mbak nya lucu dikira quote estetik	Fear
takut banget ada star syndrome	Fear
ga bolehh, soalnya udah makan mie kemarin' takut lambung aku kambuh lagi kalo keseringan wkwk	Fear
takut gabisa beli sedikit gituu	Fear
takut tambah dewasa	Fear
malu dan males	Fear
aku malu sst yang udah liat congrats kalian pernah memandang wajah istri kak andrew	Fear
mo bilang kicep, takut..gitu aja kok malu saadd kasad..	Fear
katanya sekolahku gak bakal online, tapi at least semuanya di swab dong, ngeri.	Fear
ga ada waktu, apa takut ada mata2 ww	Fear
oo pahamm agak kaget y bund..	Fear
takut bgt jujur kalo yangti udh turun tangan	Fear
jangan lupa minum ya abis makan. takut keselek	Fear
takut banged loch(abaikan muka)	Fear
gamau tegang belum disuruh ayank gak usah di zoom ! gaboleh ayank	Fear
gue ga tweet begituan di sini, malu dan pasti dikecam. skrg kan serem, apa apa dispill. tweet kayak pgn have sex sama anime langsung pqrt atau diss lalu dijadiin bahan teh	Fear
gua ngeri ke lock	Fear
hamdallah panik bgt hari ini banyak lagi yaa	Fear
ngeri tp berusaha menenangkan diri	Fear
banyak yang bertanya, memangnya apa yang perlu saya cemaskan? semuanya terlihat sempurna dan saya memiliki segalanya. tanpa mereka tahu, bahkan saya cemas untuk sekedar tetap hidup lima menit setalah ini.	Fear
sengaja dibiarkan soalnya takut melanggar ham	Fear
jdndhdjh jujur yaa ak suka covernya tp takut bgt bacanya makanya ga beli	Fear
punya pasangan kene diajak gaduh dulu baru rajin sangat, kaget lihat semua udah dibuat kemas aja sama dia hihi	Fear
deg deg an, gabisa mikir, kalo udh gugup tingkat tinggi biasanya tremor	Fear
nggih mas, aku bingung aja, takut salah beli obat	Fear
hujan tak kunjung reda, setiap hari hujan mulai menemani nih,.. jadi males keluar rumah,,untungnya wifi rumah pakai indihome jadi g takut internet lemot	Fear
takut	Fear
gabakalan ada habisnya ga sih.. takut ricuh jd keknya gak ada nder	Fear
makji aku pengen mam mie ayam, udh bm 2 minggu lalu boleh gk makji? takut ileran ini cacingnya	Fear
malu tp gw gak diapain2 mer wkwk udah dibalikin gitu aja, dia tes detak jantung doang kali ya. gw beneran deg2an soalnya tapi ya tetep gak ada yg berubah, cuma emang tau sih kalo dipretelin, tettep takut	Fear
dari kemaren aku demam + tenggorokan nya sakit.. ya allah takut	Fear
siapa yg salah disni bang , ngeri aq liatnya bah	Fear
berharap ada yang cancel nendo bokuto dan akaashi yg di kyou biar bs co lgsg di web kyou aja mau ambil opslot tp takut krn harga nya ga murah dan rilisnya msh lama, nunggu sampe ina lbh lama lg tp takut jg sih klo ga dapet lg krn pasti war lg wkwk :")	Fear
pas sange, pingin ngelakuin itu sama seseorang tapi takut..	Fear
kek apa ya, gue kalo beli paketan kalo mau keluar jauh/keluar kota aja sksk gue jarang keluar jadi takut sia2:")	Fear
mau ikut komen, takut tambah dewasa	Fear
layout mu keramat aku jadi takut ajakin barengan	Fear
sebenernya takut ajg make ava muka sendiri	Fear
lawan bocil aja takut, apalagi melawan restu orang tua	Fear
panik banget tadi twitter gua ga bisa di buka	Fear
aduhh butuh roll film yg ready stock fdi sini:( takut gak sampe ntar sebelum hari sabtu huee	Fear
mon maap tapi sy ngerekam nya ga niat malu bah, jelek bgt wajah sy :'	Fear
sebelum situng diralat. sedih, tegang..	Fear
mbok 15mbps ngeri ngono	Fear
hufftt bismillah, bismillah, mugi kumanan dina niki periksane pun panik mik, pun panik katah sholawat mawon.	Fear
gua klo udh pd ngomongin skripsyid takut bgt dh sumpah	Fear
jadi takut pacaran	Fear
panik banget tadi ditanya tanyain guru bk	Fear
tiap kali intuisiku benar itu antara bikin lega atau ngeri sih	Fear
seronok plus takut ada jugak. nk tengok sejauh mana kebolehan diri. bismillah..	Fear
ngezoom banget gambarnya, kaget	Fear
dirumahku yg kena umicron udah 40an takut..	Fear
tapi gue takut awkard	Fear
kaget ke logout sendiri	Fear
hahaa sama. gue di unfoll 10 org hari ini . kaget banget	Fear
kyu, kata gue ajakin yg lain juga deh, kalo pada gamau teror aja pake chucky	Fear
tbl tbl takut banget loh yang sering tiktokan pasti pernah dengar frasa yang diciptakan ini. sejak viral, tbl digunakan oleh perusahaan besar untuk promosi. penciptanya pun kecewa karena tidak minta izin emangnya frasa bisa dilindungi? [a thread]	Fear
takut tuhan kalo gue	Fear
eh anjir woozi takut bgt gue takutt	Fear
takut banget ditolak ama doi	Fear
takut banget dimana mana iklan cincin lamaran, cetak undangan, wo lewat mulu.	Fear
gue dulu takut trus kata temen gue tinggal plek ntar dia cuman nempel ke pupil kok. kecuali tangan lo gatel pengen kucek2 mata ya jangaan. nyopotinnya ga perih samsek, kaya lg nyubit gitu caranya	Fear
kalo udah deket hari ultah bawaannya makin panik makin ovt	Fear
ohh gitu.. kaget bentukannya kayak preinst	Fear
kaget kirain kelirik taunya bukan as lihat akunnya	Fear
takut &gt; ngantuk ?	Fear
mau check out takut tidak kretek tulang punggung. dilema jadi muda mudi jompo wkwk	Fear
aku takut	Fear
jd malu trims	Fear
bener lily. malu banget dah.. minim literasi. kirain tuh paling muda, ternyata muda dari kakak. terus kirain tuh ada n-nya, taunya dia nulis kurang huruf n, bukan ada n-nya. malu banget.	Fear
jeje galak banget, gua takut	Fear
masih kaget.. dijilat??	Fear
takut banget bocil tetangga lagi sakit yg tadinya mau menghirup udara mendung akhirnya tutup pintu lagi	Fear
cayy jangan lupaa makan siang yaa, jangan malu-malu untuk jbjb!	Fear
kaget liatnya	Fear
kemarin ngeluh, kalau masih ada alm. bapak, pasti doi yg antar jemput kerja. eh td malam langsung mimpi diantar sama doi pergi kerja. ini bapak ku masih ada atau tidak sih? agak takut	Fear
bismillah desiliun tp takut berat nanti hisabnya hh	Fear
kaget anjir mini	Fear
kating takut adek tingkat aku doang keknya. ini matkul wajib padahal bukan mkp :)	Fear
jarang bocor benda tajam takut nak dekat	Fear
aduh gua kalo ujan gini panik takut bocor lg	Fear
tau kan rasanya, mau lanjut gabisa melek takut nabrak	Fear
anjrit kaget ada renjun	Fear
alhamdulillah aku di jauhkan dari cowok itu, tapi rasa takut dan traumanya masih membekas sampai sekarang sulit di hilangkan.. ketambahan lagi, dulu waktu kelas 3, temen cowok2 pada suka kan gangguin cewek2, nah si cowok2 itu pada megang dada si cewek kalo nggagguin.	Fear
selalu merasa gaenakan padahal sebenarnya udh gakuat.. merasa takut kalau orang lain tu engga puas dengan hasil kerja kita,, kenapa sii mikirin perasaan orang mulu heh	Fear
pengen cuddle, tapi malu aku karna takut klo tidur ngorok	Fear
sumpah takut banget	Fear
takut, ku demam sm batuk	Fear
kaget liat reply.. fans sultan smua keknya	Fear
moots gue pada ghaib yah takut deh	Fear
beuhh kaget	Fear
: harap-harap cemas..	Fear
terkadang kita selalu memaafkan seseorang hanya karena takut kehilangan.	Fear
jumlahnya yg takut banyak bener, udah kayak nanganin teror aja.	Fear
bajunya yang ini, ditengah lagu minjem gitar dari gitarisnya terus dia yang main.. takut banget	Fear
malu akuu. ga lagi deh komen2 di postingan yg war	Fear
ngeri lah kalau begitu caranya	Fear
agak takut tapi gapapa.	Fear
kak wkwkkw aku juga bingung takut akun sopi di report atau gmn2 huhu	Fear
aku infp dan di aku relate. kalau ada hal yg ga terorganisir tuh emang panik sendiri, pikiran jadi ga tenang :')	Fear
ngeri x pon, aji mumpung.	Fear
umm, aku gapapa. aku takut oversharing .. tapi makasih udah nawarin	Fear
contact kita bisa dinamain siapa aja, ngeri juga	Fear
ah takut	Fear
gue lagi nangisin cowo fiksi, tiba-tiba abang gue dateng "dah sholat belum lu?" gue antara takut di marahin karna belum sholat dan malu karna nangis buat mata gue sembab	Fear
khawatir	Fear
anjir anjir anjir sumpah ma, pak, hamba takut banget kalo disuruh nungguin adek sendirian. takut dia bangun terus cekek hamba	Fear
takut:(	Fear
hah kenapa suer kok pada kaget gtu	Fear
anjay ini 2p kegedean ternyata gampang lepas pula, takut kececer jadinya	Fear
malu bgt sendirian, kesannya kek semua orang ngeliatin sambil kasihan gitu aku kesini sendiri. plis lah rangorang kalian selain jaga jarak juga jaga pandangan dan omongan ya, pdku semakin drop	Fear
( kaget saat punggungnya dipukul. dia sendiri juga baru sadar langsung sebut nama. ) ..kayaknya berani deh, jun. nggak tahu, kayak .. bisa aja.	Fear
malu nya masih terasa	Fear
ngeri bgt udah jelas2 positive masih nongkrong bukannya isoman	Fear
kaget.. masuk topik	Fear
aku takut nak baca thread ni. aku yg belum pregnant pun dah takut	Fear
sumpah ya gue sampe takut tiap papasan sama ayam, pasti ngelambat. soalnya doi tuh bukannya minggir yang lebih deket tapi malah nyebrang	Fear
di ig cuma sesekali doang bikin story, itu pun random isinya, cuma biar keliatan masih hidup aja, takut dikira dah mati	Fear
malu minta beliin paket zenius	Fear
kalo saya ceritain semua ini ke kamu, saya takut kamu tinggalin lagi. saya gasuka sendiri	Fear
ermm.. mcm berat je ilmu ni. takut tak tercapai sbb takde ilmu persilatan	Fear
michi naksir doi temennya, takut ada keributan	Fear
eh ada lagi deng hehe, bikin kaget aja	Fear
beneerr udh ngga ngerti malu pulak	Fear
jgn apa2 kebanyakan diumbar2 melulu , kalo gajadi malu gile .	Fear
udah aktivasi tapi takut ga valid	Fear
malu banget makxskxj mau pcran sama hyomin anjay	Fear
walau dah 35 tahun tetap takut mak marah tak kemas rumah	Fear
takut gua dicium macan pendekar biru!	Fear
mau positip takut cewenya jealous kah?? masalahnya gw bukan jennie	Fear
iya swndirian banget, soalnya ada beberapa anak yang positif kopit jumat kemarin. asli panik dan takut	Fear
enggatau tp takut	Fear
pengem nonton kukira kau rumahh tp takut kena mental,,	Fear
hanya karena pernah terluka, tak berati kamu harus takut mencinta. ada seseorang yg tepat untukmu di luar sana.	Fear
anehnya lagi ada anggota, kaget kok bengkak anggaranya	Fear
sekalinya muncul ngegebraknya bikin kaget ya mas topo	Fear
sebagai penderita agoraphobia, anna gabisa keluar rumah guys, dia bakalan panik dan takut kalo terjebak di suatu ruangan atau bahkan situasi yang ngga familiar gitu. jadi susah ya ges si anna gaboleh keluar rumah dah intinya.	Fear
ngeri ah segitunya caper sampe jelekin orang lain biar dipandang oke	Fear
takut ujan	Fear
shade cushion make over lebih cocok yang mana ya? kalo warm ivory keterangan ga? aku baru pertama kali mau beli bingung milih shade, takut salah	Fear
menetapkan nonton movie terbaru spider-man venom nunggu nanti setelah blu-ray/legal streamnya keluar aja. kapan ya bisa bebas ke bioskop lagi tanpa rasa takut.. gak masalah juga nonton setelah hype redah walau mau gak mau spoiler bertebaran.	Fear
ak ya pengen coba kenain air tetap sj takut	Fear
ngeri dia keseleo aja di korea kan gada tukang urut	Fear
takut, pc gue tetep di kolbuk	Fear
ngeri ngeri	Fear
ini ada yg nungguin ga si? aku lagi sakit trs tbtb kepikiran takut gabisa nyelesein apa yg udh aku mulai jd bakal maksain update dikit dikit ya	Fear
takut gw mappa garap csm scene muntah di sensor apa kg	Fear
2 atau 3 orang aja ya :d but! kalo flop mora hapus soalnya malu	Fear
takut gue, mau hidup tenang	Fear
gue malu banget salah tag jenonyaaaaaaaaa.	Fear
trs fakta lainnya adalah kakel gw rumahnya searah sama rumah gw. pernah pulsek dia lewat jalanan rumah gw anjrit. gw di belakangnya kaget. "lah.. kok dia belok kesini"	Fear
gue jadi takut kalo liat akun besideperth	Fear
heh salah upload, malu	Fear
kiri, kalo kanan soalnya banyak bergerak takut kepentok	Fear
iyaa.. takut banget soalnya fc rpku pake thailand juga:"	Fear
lu nggak malu? atau mungkin kalian emang nggak tau malu?	Fear
yang paling nyeremin pas ada razia dadakan pas gue lagi bawa bedak tbs yang tentu saja tidak murah udah panik kalo bakal kesita (dan kalo misal iya ga sudi sih kalo ga dibalikin) untungnya ga ketauan	Fear
soonyoung aku takut sama jihoon hiks.	Fear
ngeri bgt semoga ga kenapa napa	Fear
kok om sih. *gugup*	Fear
ttp kaget walaupun gak nonton	Fear
tar paket gue yang rembes hujan kemarin dateng, dan gue diminta unboxing depan kurir trus bakal di videoin. kan gue malu yak	Fear
cuman aku malu aja buat ngepublish ke orang lain , karena dia juga gk pernah publish aku	Fear
lagi pusing, tapi kalo dapet dana kaget 100$ ilang ni pusingnya	Fear
ga deng beneran cemas karna pd posting dikit2 kelar sidang kan jd cemas	Fear
kan,,bangun bangun kaget	Fear
ngeri ada tommy shelby ama pak tony stark	Fear
takut tergoda membeli pc lain	Fear
kaget bgt lg mam mie trs nonton all of us are dead ada scene zombie yg lagi ngacak ngacak usus dr perutbodohnya gua tetep lanjut makan sama nonton	Fear
malu	Fear
bisa dicipratin air kak, bagian belakang badannya aja jg gapapa, klo muka kasian takut kaget	Fear
buat pelajaran besok2, takut annoying ato gimana haha	Fear
twrpantau belu malu	Fear
prnh ga sih lo lagi iseng nyanyi nih di dpn pasangan tp ga asal nyanyi gtu, bnran nyanyi. trs pasangan lo terkesima, kaget, shock lalu blg "lah aku baru tau trnyta suara kamu bagus" krn literally emg ga prnh nyanyi pas lg sm pasangan, malu geys	Fear
jangan marah2 ih jadi takut di makan nih	Fear
maaf ya sy mau ngetik agak ngeri. hukum mati aja pak/bu . semoga ketikan sy tidak salah dan tidak berdampak negatif kpd semua orang. aamiin	Fear
apapun selain romance. :) tapi kalau horror jangan yang hantu. mun takut sama hantu.	Fear
efek efeknya itu lo yg merah merah bikin takut	Fear
takut ga ada yg mau pembesan ama gue maybe	Fear
anginnya kenceng bgt, takut :(	Fear
gue liat 3d mv aishite aishite kok takut ya	Fear
kalo udah 9 bulan ginituh rasanya deg degan, takut, tapi udah pengen ketemu dedek dan udah engap pen cepet cepet bisa bobo telentang dan tengkurep	Fear
tiba2 mimisan, gaktau kenapa penyebabnya dahal baik2 aja. kaget juga, udah lama gak kejadian kek ginian.	Fear
bila takde kerja sangat ni yg aku takut ni, takut tktau nak update apa dsu esok	Fear
takut limitt	Fear
ada nad.. barusan. tapi takut makruh kalo marah-marah ngomong kasar.	Fear
temen gue ada yang positif takut bgt soalnya kamis sama sabtu kemaren abis ketemu, akhirnya gue ini mau swab house service. doakan y geengg	Fear
sbenarnya panik juga sih	Fear
malu bingitttsssss	Fear
lho kirain fest hahahha :')	Fear
anda tau ga sie rasanya lg bengong kaget anjrt	Fear
agak ngeri ye	Fear
ga malu apa ya	Fear
emm malu banget	Fear
oknum yang ga ngerasain malu td pas presentasi, pls td kalo lu join zoom rasanya mau pindah planet..	Fear
berita palsu jangan sebar! tindakan tegas akan diambil	Fear
jangan lupa ngingetin ayang buat napas, takut lupa malah repot	Fear
di urut dulu ke tukang urut, takut salah urat	Fear
ada kelass lagi nanti jam 1.30, nanti klo tidur, takut kelupaan jamm	Fear
liat kok cuman takut pada ikut close juga,nanti gw sendirian:(	Fear
eh taik takut. gua jadi ciize.	Fear
astagfirullah kaget gw, smpe bingung juga dpat notif bgni sejak kpan gw punya gebetan jgankan gebetan org suka aja gk ada	Fear
aduu kok ngeri ahh	Fear
ngeri ya	Fear
aku boleh suka sama orang lagi? takut dibilang sasimo	Fear
tetep aja ongkirnya bikin kaget	Fear
aku kalo lg di samping bapak2 selalu tremor, takut, gak jelas padahal orangnya nggak ngapa-ngapain	Fear
aww malu banget suer	Fear
kaget.. heran.. akhh..	Fear
tadi disekolah ada swab buat 2 kelas+beberapa guru, terus katanya guruku semua bakal kena swab dadakan. aku sekarang lagi kurang fit jadi takut..	Fear
jadi takut hehe	Fear
korea pelapis ama utama ga keliatan beda saking gk keliatan sepak terjang pemain utamany di mens tapi takut aj kejutan racikan gado2ny sih suka surprise	Fear
hayoo ada amplop dibalik hanggar yaa kok takut ..	Fear
alhamdulillah-nya udah divaksin sih. itu juga setelah drama. ibu mertua gwa tinggal sendirian. beberapa bulan lalu bapak mertua baru wafat. jadi yaa, khawatir. lalu ya gituu, agak meremehkan covid. makin khawatir lagi~	Fear
tp takut bgt tiba2 ppkm gimana	Fear
gw ragu mw bls make kata2 apa pake foto juga, dan akhirnya keluar dh	Fear
asik ..permainan emosi dimulai ..yg bermain dan terlibat ngeri-ngeri sedap..siap2 nyiapin pukulan tangkisan..indikasi sih positif 100% melawan hukum cuma upaya mencari keringanan aja ..tamatlah sudah karier2 yg didapat dgn cara gag berkah..	Fear
belom pernah nyampe manggarai lagi kalo naik kereta, kaget udah jadi di atas peronnya wkk	Fear
chaki, ni buatmu. aku bete banget dah kemarinan waktu kamu ngebet mau jodohin aku sama kak heeseung kaget puool taunya pernah jadi temen satu oa-ku. kelakuanmu beda maksimal (real)	Fear
thank you aii !! sumpah i takut sekarang terpaling redha dah ni	Fear
sekarang kalau upf fee di awal aja kali ya, ngeri bgt hnr	Fear
takut dewasa	Fear
dikasih tau adik, simbah nanyain "ini bajunya gak pernah lihat dipake keluar, dipakai di kamar ya?" baju tidur tali spageti yamasa ku pake keluar2 kan malu. ini kalau beli lingerie yg aneh2 ya jelas jadi pertanyaan. udah paling bener beli daster midi aja.	Fear
takut sombong	Fear
kalo gak gandengan tangan meriang tiap hangout di public place aja lengket ngt, gimana kalo pas lagi qtime berdua di private place gitu duh, makasih udah bikin makin menghalu dan btw, di yang kedua tuh seohyun sempet ragu harus pake cincin pernikahannya apa enggak	Fear
lo takut ga sih anjir selasa depan anjir, treasure beneran cb ya?!?!	Fear
wah ngeri nih sesepuh ternyata	Fear
kakak jd malu tau :(	Fear
mau ngejar, takut lari. jadi mending ga usah ngapa-ngapain	Fear
udahh, tapi takut kalau dia ngecek2 pakai akun lain. dulu aku priv, aku buka lg krna pengen rep base. ah, jadi ga nyaman banget, masa ginian aja sampai harus priv mulu aku ingin bebas	Fear
beh, mangkug tut bah malu nae	Fear
takut namun berusaha percaya diri	Fear
aaksks tp w takut ntar mendadak s massal	Fear
pernah ga sih ngerasa takut berlebihan buat sayang bgt secara tulus ke orang?	Fear
panik panik ada yg panik	Fear
sch! gais tgl 8-15 masih bisa unggah foto kann, td pagi aku unggah foto tapi pas lagi loading malah error, please notice sender panik bgt nihh servernya error	Fear
gua naik angkot isinya cowo semua anjirr, malu bet	Fear
i decided to buy pc from kseller je nanti, i takut i tak dapat pull my fav member sebab tangan tak wangi	Fear
takut banget buka wa.	Fear
aduh jadi malu	Fear
bikin kaget anak orang	Fear
sumpah itu kenapa anjir takut bgt pada begitu	Fear
wkt punya ld blm pernah deh iseng kenain ke aer wkwk takut..	Fear
takut kesushi	Fear
kalo nyolong, malu mah kedengeran ama yang punya	Fear
pengen makan seblakk tp lagi irit duiitt takut ga cukup sampe akhor bulan wkwkw	Fear
aku belum makan siang makji gak selera ga belum nyangkut mau nangis gak menang rasanya malu..	Fear
tbl tbl tadi di cek darah akunya lg degdegan takut hasil ny suruh transfusi pls pls semoga lgsg operasi malem ini	Fear
takut tgk harga	Fear
khawatir tidak jelas	Fear
banyak juga boleh kak, asal jgn kelepasan, ngeri gk ke rem, loss pula lagi.	Fear
waduh takut takut	Fear
jujur sih kadang aku itu malu dan takut ngakuin kalau dia pacarku, iya bener karena fisiknya	Fear
hawane ngeri	Fear
iya ya kalo dipikir gitu.. tadi udah aku takedown tadi bilangnya badge ijo itu squad leader, kayak hyotion sambil ngasih nunjuk foto takut jelek dimata fans mereka yaudah tadi langsung aku takedown	Fear
takut patah hati gara2 derek	Fear
indahnya terbang terlalu tinggi, walau jujur ku takut jatuh terlalu jauh	Fear
heheh tapi aku takut dimaininn aduh	Fear
coraline dulu pas kecil takut banget jir, mana nyebutnya dulu kartun mata kancing :(	Fear
takut banget kena polusi, mau isoman dulu	Fear
hmm takut tapi tetap usahakan percaya diri lah pokoknya :(	Fear
takut bila dah start beli ni kang semua fav chara la nak beli	Fear
minta tolong unit barunya lgsg dipasangin semuanya sm dicek flashnya bisa atau engga udh worry aja dari awal beli takut ada apa2 makanya smpe gosend instant taunya bener aja kena apes, untung sellernya baik mau ganti unit baru	Fear
tp gaboleh panikk nnti kalo panik kamu ngeblankk nanti malah gabisa ngerjain gaboleh panik	Fear
asli iyaa takut kopit tp katanya jg karna lg pergantian musim	Fear
aku deg degkan guys.. takut bahasa inggris ku belepotan	Fear
ngeri takut hpnya keinjek	Fear
edan ngeri nyuak mang	Fear
biar kagett soalnya aku kagett baca yoonmin kaget	Fear
ada sapol juga tapi takut tiba" yong drop sesuatu:'))	Fear
gak papa sebenernya, masih bagus hasil fotonya gak ngaruh tapi gw takut tambah parah aja	Fear
takut skripsi	Fear
still can't help but feel so curious about her face. secantik apa sih kak raline sampe gege gak mau nunjukin fotonya ke orang-orang karena takut pada naksir gitu ya?	Fear
kaget bener suka tetiba logout tapi ga limit	Fear
ngeri keinjek hp nya min t__t	Fear
makin dekat 10 februari, rasa campur aduk makin menjadi2.. ada bahagia karna anakku sudah mau 19, sudah makin dewasa.. ada cemas juga, karna alasan yg sama..	Fear
eh takut bgtt	Fear
ngeri bgt	Fear
takut dan dag dig dug bacanya tp bermanfaat bangett	Fear
duhh gue takut ke s	Fear
takut bgt moms	Fear
takut kak	Fear
serem krn ttg sikopet gt nder, aku nonton itu lbh eneg sm takut gegara mainnya bunuh2an, tp ttp nonton smpe abis krn penasaran	Fear
rada kaget ngeliat hasil semester kemarin, tapi ya mari tingkatin lagi di semester sekarang	Fear
knp si lu tuh wangi orang kaya gitu kak kan gua takut	Fear
malu malu , takut salah langkah	Fear
kalo takut malu jangan dikasih palu mas	Fear
takut kecengklak kalo salting pagi-pagi.	Fear
aduh.... klo solo ssr gini suka takut	Fear
mau meluk takut dosa, gak meluk mubadzir astaghfirullah bestie	Fear
takut limit wkwkw	Fear
takut tapi enak takut tapi dilanjutin, idung belang	Fear
malu ah	Fear
kaget ..anu anu jgn tanya saya	Fear
yaallah kaget banget tiba2 di dm ka anin tau taunya win	Fear
kicep. takut ketauan mungkin.	Fear
kaget terus	Fear
sumpah wak malu bgt. niat utk praktek efek deterjen ke ikan, lah ikan nya malah loncat dari wadahnya. gw refleks kaget dong, anjir jadi bahan tertawaan murid mana muridnya yg udah gede2 lagi	Fear
jangan di cepuin takut di cakar sama mix	Fear
india lumayan ngeri,kalo korea agak bahaya meskipun 4 thn ini ms mereka dibawah kita,kalo hong kong ya gt deh	Fear
tapi lanjut dimakan gak? takut banget kalo lanjut makan, takutnya ada pecahan beling kecil masuk ke perut	Fear
takut di photo tuh mak	Fear
kak sumpah klo upgrade dri hdd ke ssd tu gabakal ngehank gini gak si? tabunganku cuma cukup buat upgrade itu, tapi takut juga ada kebutuhan praktikum mendadak. jadinya aku maju mundur mau upgrade	Fear
eh iya jujurr takut ketauan	Fear
panik nya tuh di pikiran sih, sibuk mikirin ini mikirin itu, mikir kya "aduh ini gimana, takut" "kaya apa ini" smbil mau nangis	Fear
kejer panik takut kebakaran dormnya	Fear
malu bngt jatuh di parkiran	Fear
tadi aku lagi makan dapet notif kan kaget	Fear
tadi baru gibah si crush gw kan nah tu tiba'orangnya muncul gw sengol lah kaki temen gw biar diem,kalau tau kan bisa malu	Fear
wooshik apa gak takut ini ampe trending di kr	Fear
ga paham juga, padahal buat global. ngeri editornya	Fear
kaget kan lo	Fear
takut sha.	Fear
gue takut di dpt guru, wml biar ga ketauan bk	Fear
yang kupikirkan saat ini : ini org org yg punya kontak wa banyak ga pusing apa ya nyortir siapa aja yg bisa liat sw. gw cuma sekian aja, males nyortir dan jatohnya jadi males buat sw aja sklian. khawatir hal hal tidak diinginkan terjadi	Fear
awal smt 3 ada rekrutmen buat asdos mo daftar maju mundur takut ilmuku belum cukup	Fear
bisa bisanya semalem mimpiin gwinam takut bgt	Fear
iiih malu mau blng nnti pas libur semester pulang lg	Fear
sebenernya lagi gelisah dikit soalnya tadi sekolahku banyak yang positif.. tapi overall baik-baik aja kook, hbu?	Fear
[] takut ga bisa memerankan bapak min yoongi dengan baique, karena yoongi tu kek diem diem gt kan nah gue rada petakilan. sama takut kalo disuruh show off ke "savage" an nya tuh gue ga nyampe gitu.	Fear
meratib takut raya lps tu upload gambar g jln2 tmpt viral	Fear
malu kat fattah amin. berlakon kayu pun dia tak tengok kamera tauu	Fear
walau hati takut membadut	Fear
mama takut gmn	Fear
takut disomasi sm klien	Fear
asli takut di bagian reading sama speaking	Fear
alesan takut kena congorna soalnya ada guru yg menantunya kena tp masih ngajar	Fear
gue kalo liat ada musuh yang pasang title takut malah	Fear
mau siapapun lawan ina w tetep takut, tembus semifinal pun juga lawan dari grup b serem semua	Fear
jujur takut digetok mami beli hoodie lagi	Fear
malah takut ga si	Fear
ya iya lah, masak nggak takut kalau bobroknya dibongkar di pengadilan?	Fear
takut ga bisa makan	Fear
kalo ampe kejadian, gue bikin lu malu seumur idup si liatin ae	Fear
negara kita negara demokrasi saling menghormati lebih penting. nur wahid takut banget sama namanya museum	Fear
duh bukan lagi mah..takut kebakaran	Fear
ngeri banget	Fear
takut banget	Fear
gue kalo pms sakit bel tp gamau minum obat takut ketergantungan:(, uda nyoba dikompres pake air anget gaa tadii?	Fear
"kami takut pada yang tidak berwujud"	Fear
ketularan kaget, pengawasan gak beres.	Fear
aku malu, aku malu	Fear
wkwkwk takut bgt digigit lgi	Fear
takut bgt kalo nanti tiba-tiba ke	Fear
ujan anginn takut banget mana genteng tetangga gue melayangg banyak bgt untung gak kena orang huftt siang siang takut	Fear
takut banget..	Fear
ini both of inamas aku super khawatir banget sama para ms nya dah	Fear
gembel style lgi, oke /jk ya allah, gw takut banget	Fear
takut kemalingan	Fear
malu kali nder	Fear
iyaa. aku juga jadi takut:((	Fear
ngeri ngono ya ndoro ngene kok sampeyan ngebet nyapres. ajur-ajur nda mending ngurusi banjir ndoro	Fear
kaget.. kok telat!	Fear
emang sih, aku bukan siapa-siapa kamu. tapi aku nggak bohong kalau aku khawatir dengan keadaan kamu sekarang. bolehkah kalau aku yang menghubungi kamu duluan?.. tapi aku takut bikin kamu risih..	Fear
takut positif trs gbs skolah hhshshhdhshdhsh mau nangis aja sumpahh pdhal aku masuk angin anjir	Fear
jadi khawatir laptop ku ga kuat sama semua app buat kuliah	Fear
eh pala gue pusing bgt anjir td udh tegang takut ditanya tanya bu naning trnyt waktu sdh habis	Fear
tafsir ya... antara kaget dan ngga kaget tapi tetep aja, ngeri boi	Fear
hahaha.. emang lagi ngeri sih, tapi dulu pas curug hejo sepi. sekarang ngeri di cuaca sih, masih sering hujan.	Fear
uda berusaha untuk mengurangi faktor cemas dari diri sendiri lho adaa aja dari luar emang bener2 semakin dewasa ada aja yang harus dipikir	Fear
njirr gue malu guekira suara rose kagettt	Fear
kalo di slack suka takut chatnya capslock semua	Fear
hi kak, mohon maaf terkait kendalanya. terkait kendala tersebut, untuk saat ini kami tidak dibekali informasi tersebut. apabila ada kendala lain jangan ragu untuk menghubungi kami ya kak. terima kasih ^wh	Fear
takut tp ttp percaya diri	Fear
ahahhah iya masama bayangin aja udah beli trus kaget karena belakangnya ga nyatu trus menangisi itu semua	Fear
karena kalo malu bakal malu banget ini lebih lebih dari orenji untung beneran iri jongu	Fear
di kost bosen bgt, tapi mau main keluar takut deh kasus covid lagi naik. mana mau ada event, jadi mesti jaga kesehatan.	Fear
yakan demen muji tapi dipuji balik malah malu, demen natap mata member giliran ditatap balik juga malu sendiri, cekidaw	Fear
takut gak siih	Fear
"kamu minum kopi 2 gelas, itu ngga sehat tau. kasian perut kamu" mata gue mlotot kaget dong, apaan dah nih sksd?! pas gue noleh, anjir cakep bat heran	Fear
kok pada berani ya sama stranger.. apa ga takut h-word? tetep safe sex ya nder.	Fear
wkwk beneran takut tp	Fear
merajuk la jugak mak aku tu, haha. pastu dh ambik booster apa semua tu; aku tnya mak aku. ada sakit tak? ada nak demam tak? pastu mak aku ckp. tak. hahqhah pastu aku jawab balik kat dia, abis hari tu takut sangat kenapa?	Fear
malu. gak fokus.	Fear
takut ditolak :)	Fear
takut banget loch	Fear
panik bnggett, mana gue pemalu lagi adhh	Fear
kaget, kirain ada yang baru lagi	Fear
” aku juga mau aware ttg isu kesehatan mental, disini aku mau negasin karakter hana yg sebenernya dia bukan denial/gengsi/ ga punya hati, tapi rata2 orang yg punya trauma secara seksual lebih sulit buat jatuh cinta atau nerima diri nya jatuh cinta karna terlalu takut	Fear
takut ah ntar dijual	Fear
beuuhh, rambo semua modelnya nihh.. pantess dianggap saudaraa..(ngeri kalii maksudnya)..	Fear
aku klu blh nk buat kerja gila pinjam hair dryer kt dept aku tp tulah takut plak kantoi dgn boss	Fear
panik tetiba mata bengkak sebelah, ternyata aku alergi ibuprofen	Fear
malu buat bilang haha agak takut jug	Fear
ngeri bgtt gituu di ciduk	Fear
mendengar hp bunyi teh sekarng malah takut.. takut dapat kabar buruk	Fear
kata gw mimpi paling buruk tuh mimpi jadi pembunuh sumpah. gw sepanjang mimpi kaya stress sndiri ini gw kudu nyembunyiin mayatnya dmn trus gw kudu buat script apaa. sedih, takut, nyesel, panik, jadi satu. anjirlah stressful mampus.	Fear
kaget bgt liat om kungya masuk base sjdkdkkdldlr	Fear
kaget lg ke toilet udh banjir, ternyata d-1 langsung cek flow dan wow ternyata benarr akurat jg flow yakk selama ini gue pikir gue haid selalu mundur atau kecepetan seminggu	Fear
bismillah deh, gue masih takut soalnya kalo main warna pastel	Fear
gue takut dm authornya apalagi boong umur pdhl dosaan baca gituan gasi gatau si	Fear
bangun jam 12.25 sesuai alarm, pas bangun panik bgt, hampir nangis karena kirain telat kelas. setelah beberapa detik baru inget kalo kelasnya jam 12.40	Fear
ngeri skrg dikantor ada sisi tipi yang bisa ngomong	Fear
tiba2 kok jdi takut kuliah offline ya	Fear
iya, takut ke	Fear
gue juga takut.	Fear
takut lah tgk draw gp b ni ya allah	Fear
takut banget yatuhan sama cowo begini. padahal saya sendiri cowo	Fear
gampang nanti ta pancing pake tambang timba tapi jangan dalam dalam takut ga nyampe..	Fear
beraso nok makan biskut raya awal eh takut tokdei raya tahun ni	Fear
bingung nonton skz apa treasure.. beda bulan tapi takut menyesal karena ga ada waktu	Fear
wkwk kaget tbtb tur. adooh	Fear
klo dh offer tuh dh takut, mending kasih harga pas ny	Fear
iyakan duh kalo udah kea gt takut banget tb2 beli tiket ke korea beneran	Fear
malu woiiiiiiiii	Fear
ako malu sekali	Fear
takut ngga lulus kpi kah?	Fear
agak ngeri ga segrup jangan2 ketemu di final	Fear
waktunya kurang tepat kalo mau ke indo apalagi disini masih meningkat tuh cvd, aku takut dia knp knp, apalagi akhir akhir ini jadwal dia banyak banget ,cukup di korea aja jangan ke indo dulu semoga	Fear
kaget loh, kenapa rame banget twtnya.. kirain ada apaan anjir	Fear
masih kaget tb2 di jepang	Fear
agak ngeri ya women nya	Fear
jd takut buat pacaran lagi	Fear
aku gak kepikiran sampe kesitu ka, soalnya aku buru-buru karna itu wl aku takut keduluan orang	Fear
ngeri bgt casenya	Fear
ngeri lo, dtg dtg twt ginian :")	Fear
hah takut bgt	Fear
ngeri	Fear
hujannya awet ihh, takut banjir	Fear
teman-teman aku mau kasih info, aku bawa pulang lagi kucing aku karna dokternya lagi ga ada di petshopnya. aku takut kucing aku stress jd aku bawa pulang dulu, nanti kalau dokternya udah ada di tempat aku bawa lagi kesana.	Fear
that takut ngebungkus tho	Fear
gapake nama asli takut teemn rl tau wk	Fear
ngakak anjir takut bgt wkwkkwkw	Fear
aku bukannya over atau lebay, aku cemburu, aku khawatir, aku bawel itu karna aku sayang dan takut kehilangan. itu aja. :')	Fear
gua jadi takut ada temen rl tau akun inii soalnya bisa diliat dri kontak kan apalagi gua dftr akun ini pake no hp..	Fear
gue udh kaget jongu knp, rupany bnrn dikoms. udh panik	Fear
malu typo ya nder saking nsjahss nya	Fear
kok ngeri	Fear
cuma kaget doang..	Fear
nanti dll, takut org bayar utang mamakku	Fear
soale takut ada yg macem macem, kalo bawa temen kan seenggaknya ada yg bisa bantuin.	Fear
ipk 3.3 itu udah bagus ga sih?? takut banget mau kasih tau bokap kalo ipk segitu	Fear
pensil warna ketemu tapi ga yakin. takut ngerusak gambarnya	Fear
deg-degan nggak -tu ditanya habis nonton apa karena panik gw jawab habis nonton coboy junior addaffafsf	Fear
warga sudah jadi korban, mas. dengan teror dan intimidasi terus menerus, secara psikologi pasti sudah ada warga yang mengalami trauma. belum lagi waktu yang harusnya bisa mereka gunakan untuk kegiatan produktif, harus dihabiskan untuk menjaga tanah lingkungan mereka..	Fear
aku masih pake se kamu mah ah udahlah aku malu	Fear
kaget gw jelek bgt tolong	Fear
winwin wayv tapi ini konten berbaayar gue kaget anjir masuk sini	Fear
aw malu	Fear
kaget plus deg-degan pas ada pelanggan cewek yang negur saya pas lagi nongkrong di cafe. kayaknya si anak kedokteran ya, bening sama cantik bat, heran. mana suaranya lembut bat lagi, jadi keinget suaranya kak yessica	Fear
braw! ngeri bgt tiap hari ambulance lewat terus, stay safe guys kurangin nongkinyaa	Fear
malu kali	Fear
tapi takut ketuaan juga di jalan ya kan wkwk walaupun gue wfh selamanya	Fear
ngeri	Fear
gue fikir baba ga ikut. malu bgt asw gadeng, malu aja haha :')	Fear
gw panik tadi sempet ga balance trs gw ulang lagi dari awal	Fear
eh sumpah gw panik, udh upload foto ltmpt tp lupa udh gw save blm tp udh di unggah sm udh di crop	Fear
dia anaknya juga jago banget gombal 11 12 sama ayem. aku takut meleyot	Fear
lebih takut arab di puncak	Fear
bused sampai dua kali kirim. kata saya mah, mending sender muncul deh. dm saya coba, biar saya tahu. gak usah malu, dm saya terbuka luas, se-luas semesta. jangan buat saya penasaran tolong..	Fear
enaknya tuh makan bakso makji soalnya dari pagi hujan terus pengen beli makan tapi takut tiba" hujan deres lagi	Fear
mau kaya gini pas ultah mendatang, tapi takut malah dijadiin bahan bullyan..	Fear
yep truee lagi lagi the oldies kan semua macam takut for booster sebab baca news regarding post-booster effectsi mmg ingat nak walk in ppv dkt pwtc tu je nanti hahah	Fear
ngeri bgt grup b.	Fear
cape gasi anjrit tiap hari di teror proposal mulu, tertekannn	Fear
takut bgt lagi pilek	Fear
orang2 sudah pinter .. takut dosa, klo gak adil.. srkarang banyak yg pinter..tapu tidak ngerti, ilmu bukan diamalkan, tp disalah gunakan..	Fear
gue takut dah jeongwoo merah	Fear
laptopnya kaget itu	Fear
denger kata, foto-in satu-satu mukanya. dan yang bilang jendral bintang 4, mantang pangkostrad. warga kehormatan kopassus dan tentunya pimpinan tertinggi angkatan darat. ngeri bos..wkwk	Fear
ket u gak takut kuliah hukum kah ket?	Fear
ml! cara ulti flicker ruby tu gimana ya? aku ulti malah flicker ke depan karna bingung pencet mana dulu hasilnya ketarik ngga, malu banget iya	Fear
pak tolong lah ringan kn beban sya jdi orang tua yg takut anak nya di vaksin, anak sya 9 tahun pak umur nya. dada nya sering sakit pak.. setelah vaksin satu! terkadang saya mau nekad aja utk bunuh diri karena terlalu tertekan mengenai vaksin ni pak. tolong sya pak!!	Fear
mukanya tegang amat om puput kayak menanggung beban rakyat :')	Fear
hahaha iya benerr aku pun kaget ternyata ujung2nya anak bio	Fear
gue kaget bgt	Fear
ku cium pipi kanan mu dan kau senyum terpesona bercampur malu	Fear
kalau nak sniff sekarang kene hati hati takut kepam	Fear
ini kenapa jadi rame, kaget. mana qrt ghaibnya 4..	Fear
bertahun-tahun bertahan. hubungan lu sama pacar lu aman, lancar, tak ada kendala sampe lu bucin banget. tapi tiap liat crush lu lgsg kepikiran lagi. berusaha pengen tetep deket tapi takut melewati batas pertemanan.	Fear
nonton ulang video got step back dance practice di mv-nya, taeyon elegan bgt pindah dr pinggir ke tengah. pas liat seulgi, wah buset pindahnya lari dari pojok kanan ke tengah khawatir kesandung loh	Fear
nonton drama sama mama trus ada kiss scene gue panik	Fear
jadi malu	Fear
kepleset di depan abang2 gojek udah sakit malu juga	Fear
ngeri angine soalna jeng wkwk takut sakit	Fear
iya kk, ni kucing oyen sy galak banget betina pada takut :((	Fear
lagi mau tanyain kabar tapi takut ganggu :(	Fear
jangan lupa ngingetin ayang buat makan dan minum, takut keselek ayangnya.	Fear
aku lebih takut liat bird japan ketemu bam	Fear
ade org kata simpan sikit,, takut esok nak guna haha	Fear
wah iya, ngeri nih yg setim ma mas.	Fear
kaget ada kekeyi wkwk	Fear
iya itu di sana takut	Fear
ih temen kosku abis ikut ke venue gt kan acara prodinyaa, eh balik ke kos dia meriang nular ke satu kosan. skrg ak jg pilek meriang buhu jd takut	Fear
aku yg takut	Fear
ya begitu lah hidup di cluster coronces, tiap hari panik selalu ada yg positif	Fear
ngeri banget temenmu nder	Fear
kaget loh kak msi pgi	Fear
idih nuning kabur dari space ka ciba .,, takut yah	Fear
udah resign dri tempat kerja tapi kok masih degdegan ya, takut kalo ketemu mantan bos di jalan :'(( kenapaa??	Fear
malu	Fear
jaga2 takut die terjun lg tu huhu	Fear
pengen pede buat mens team tp takut jg kesandung wkwk cmn kayany grup neraka sih inimah	Fear
malu bgt kalo inget moment jaman main rp	Fear
hahahaa takut, anaknya galak	Fear
mau berobat tapi takut banget :")	Fear
"takut banget, nggak ada tempat nyaman lagi buat cewek" "cowok memang otak sangean semuanya" "pengen pindah negara rasanya" begitulah kurang lebihnya	Fear
men's team gw yakin lolos tpi ms1 nya kita gw agak ragu klo md well we are the best at that	Fear
kena razia rok plisket padahal yg ngerazia pake rok plisket jg (kating) takut kalah saing padahal gada niat nyaingin, cm mencontoh	Fear
sampe asma kambuh tapi bela2in gak minum obat karna takut teler dikantor.	Fear
ngeri banget emak gue ngomel ngomel ke mahmud buat mengedukasi cara ngedidik anak haha	Fear
takut mau nge up nyaa	Fear
saya yang ngejalanin mah biasa aja.. cuma kadang kasihan keluarga aja takut mereka malu.	Fear
gw takut bgt kaoru ngentott	Fear
orang indonesia ga ada takutnya kali cuman gw rasa mereka takut dengan agama baru yg dipaksakan percaya yaitu c19 rokok aja ada label orang sakit tulisan membunuh tetep aja dikonsumsi terus kecelakaan terbanyak adalah motor, usernya makin banyak ada bom aja deketin/kontenin	Fear
walau tegang [real]	Fear
tegang banget kak, santuy aja santuy..	Fear
grub b ngeri kali	Fear
blm nikah tpi habis baca ini malah jdi takut	Fear
agak ngeri ya	Fear
coy ngeri sekomplek wkwk sehat2 mat	Fear
orang dulu siap mesyuarat satu kampung nak tentukan tarikh nikah takut bertindih susah orang kampung nak datang rewang.	Fear
takut :(	Fear
kalian yg udah b00ster, efeknya gimana? gue masi lama si jadwalnya, cuma kok gue takut mau ambil b00ster, gue mikir "b00ster" efeknya lebih horor dari yg pertama	Fear
karna takut tenggelam dlm lautan luka dlm	Fear
pp! boleh minta kritik dan saran? worth gak ya kalau jadi ready stock? takut malah flop gitu, tia	Fear
jangan ah ak malu	Fear
iya sih, tapi ciwi ciwi ini agak naik turun. jadi kita saling takut	Fear
plis jgn liat rep gue dulu malu, untung dah di apus	Fear
gw sih malu..klo digituin	Fear
yakin ilangin mie ayam? ko aku ragu?	Fear
wordle 234 3/6 kaget sendiri, bisa-bisanya tebakan ketiga langsung keluar	Fear
sir baik tak kena balik panggung mimpi ngeri..kuang kuang kuang..	Fear
mvs euphoria s1 sender baru namatin yg s1 kok si rou ga mau naik kereta brg jules? trs pas di eps7 mcky beneran di ituin sama temen2 nya? di dpn cassie? sender kaget bgt	Fear
aku takut ketekuk ini ngepas bgt sizenya	Fear
pasarannya emang segitu kah?? kaget t__t	Fear
gk bisa komen sih takut salah kata cuman ya.. agak gimana juga ya..	Fear
ya tuhan,pengen pacaran tapi takut berujung malah manfaatin anak orang. kan karma ada.	Fear
mau duluin perasaan sendiri tapi takut kecewa	Fear
lho kaget, baru sadar	Fear
niat mau bikin 13112th1)4y tvv1130n tertahan karna lagi bimbang ragu	Fear
ngeri ekspedisi apa yg aman sekarang?	Fear
aku takut nanti malem	Fear
serius, jadi kaget gue	Fear
aku mau komen tapi takut wkwk :(	Fear
group b se ngeri itu ya allah…	Fear
kaget langsung bener	Fear
klo aku jidat yg sering tak tempelin dikaca ketika kondisi nungguin.. walhasil kacanya berembun,,njuk panik nyariin tisu..	Fear
tiap wtm dan nunggu lta, satu sisi si fmc nya juga dah ganti jadi x013692 gak sabar tapi ya ngeri dan wuaduu	Fear
a trivia, im being deadass. gue ga pernah dugem wkwk takut ngebungkus laki orang.	Fear
gak katla, ga wordle, yang hari ini bikin tegang semua.	Fear
klo bener semua takut	Fear
ngeri juga 5 quote gaib.	Fear
kompakan niyee, kaget, heran, geram sudah gak asing ditelinga.	Fear
ngeri ngeri sedep	Fear
faktanya gua bahagia kenal dia, gua bahagia ketemu dia, bahkan jauh pun gua masih ngerasain bahagia.. yah walaupun kadang ada khawatir and cemburu, itu cuma karena gua terlalu sayang ama dia yang takut kehilangan dia.	Fear
kenapa acc gede moa banyak yg rest moga cepet balik yaa duhh takut gue rada2 kepikiran dan sedikit trauma	Fear
takut sm sembi	Fear
alhamdulillah drawnya agak wangi tapi tetep takut	Fear
g terbayang gw langsung panik	Fear
kaget bgt tbtb jamet	Fear
ini aku belum bilang ibu wkaka takut ga diboleih	Fear
klo claimnya independent women aku khawatir si	Fear
me tp kazuha ganti yae, alias takut tp ttp percaya diri	Fear
takut kaya dulu lagi wey	Fear
lah kann pada salty ngapa dah ak baru twt kaget anjir	Fear
haduh, takut viral sama komentar saya yg itu nih. yg like ama yg komen jadi banyak bgt busetdahh	Fear
aku emg tidurnya slalu malem, tp plg malem jam 2 pagi sih, tp alhamdulillah aku bisa tidur di situasi kek gtu. soalnya aku lbih takut manusia drpd hantu. amit2 klo di situ ada manusia ngintip baru tuh g bsa tdur, kan serem bgtt	Fear
pengen tidurr tapi takut kebablasan soalnya bentar lagi mo bimbel	Fear
alamak .. ngeri kale ..	Fear
diberau ada konflik lagi antara dayak sama bugis, jd khawatir keadaan ayah, mana handphonenya g aktif di tlf, ayah :(	Fear
dan chat mita di whatsapp official 0811-84-1400. hati-hati terhadap akun palsu yg mengatasnamakan bank mandiri dan meminta data rahasia. semoga sehat selalu. tks~kareen (end)	Fear
gue jadi ragu	Fear
gua masih kaget ta):	Fear
gara-gara rame soal kolbuk gue panik anjrit	Fear
ya allah aku takut kalau ada host yang main ratio sama fanbase kpop :(	Fear
yaallah mika angkasa w kaget gue kira cm ciuman biasa doang anjg di kebun aakghhghg	Fear
kaget bgt tbtb mas crush ngucapin aaosjskajskansnsj sygnya dia pcr org gmn dong gue gabole baper	Fear
tambah ngeri aja ni,,	Fear
ngeri bgt ini org sebelah gue..	Fear
wkwk ngeri kali gaga	Fear
ini belum mulai dm, udah mules takut di block.	Fear
pengen ngerjain yoel, tapi takut diamuk duluan	Fear
lo takut jg gk	Fear
jangan terlalu byk kepo kurang2in kepo cek urg mah ntr takut jatuh cinta lg awas nanti km cinta	Fear
bingung takut panik	Fear
ikrr haha takut betul baca semua replies dekat post tu	Fear
takut puasanya ga sah	Fear
pertama kali beli kolbuk lucu bgtt tapi rada ragu buat makenya	Fear
kaga kak, gua cuma masih kaget..	Fear
i want to ask as bvyer klo kita dm minta pl dan over bvdget kita boleh ngabarin "maaf ya kak over bvdget" gitu gak sih? takut gak enak.. atau ada saran kalimat lain buat blsnya?	Fear
ngeri euy	Fear
anjir jun malu bgt nggak.. terus diapain abis itu..	Fear
hari ni pake baju pink ama celana item, takut dikatain blackpink	Fear
"kamu kesannya kaya ga butuh aku" dude istg its not bcs i dont need you or smth tapi gue cuma gamau dikatain matre. mending ngasih bapak ibu mu karena mereka lebih pantes dapetin itu. kalo mau beliin aku sesuatu boleh tapi jangan sering sering takut beban :((	Fear
ada masalah apa tigrealnya? aku sebagai user tigreal malu bgt	Fear
ngeri ya canda nya	Fear
agak ngeri yaa	Fear
takut banget	Fear
tolong panik ini melanda lagi	Fear
dimana tempat yang aman untuk perempuan? jadi makin takut korban kekerasan pada perempuan makin bnyk, orang tolol biadab bngt owasu	Fear
ketika lu punya pacar tapi tbtb ada seseorang yg lu suka. lu jadiin crush, tapi lu ga bisa apa apa karna gak mau selingkuh tapi ngerasa kalo perasaan lu gabisa diboongin. berusaha hapus perasaan tapi malah tak tertahan. mau lapor ayang takut malah dibuang.	Fear
pengen poca date sama moots tapi takut awkward	Fear
gue nangis bgttttttt da ah malu seneng kaget jd satu amatt	Fear
malu japp sshh berapa haribulan tu btw	Fear
tiba tiba banget aku kaget	Fear
ngeri brodi kapal sebelah	Fear
rep aja bro, takut nanti nyesel belakangan	Fear
malu ku bnar bnar malu	Fear
pen nyoba tapi takut aneh rasanya, rate 1-10 cil untuk rasanya	Fear
takut nak amik spm tapi nak habes cepat	Fear
menurutku sih iya kayak, kalo jeleknya selesai tuh bikin marah-marah pengen bahas banyak, kalo jeleknya ini kayak.. shit malu banget yaudalah	Fear
kaget kirain bakal zonk ehh ayang pulang	Fear
gua masih kaget seriusan..	Fear
pelajaran aturan sinus cosinus "ini segitiga apa" aku reflek jwb "segitiga sembarang" "segitiga abc" pls malu bgt tp ga salah kan. shshsksjsjjh malu mana jawabnya kenceng bgtt	Fear
ajg bgt mau litsus bukannya disemangatin elah w kan takut bgt	Fear
di sini masih enak banget sih bosnya keluargnya, ga tau gmna kalo doi beneran kerja ke tempat yg bener2 profesional. kaget sih pasti wkwk tapi bagus	Fear
rada ngeri yaa, apalagi stranger gitu	Fear
gabisa banget nyetel takut, i feel gonna cry	Fear
anjwengg panik dikit ada	Fear
takut ah tp wkwk	Fear
jangan deh kalo balikan ntar takut muncul perang dunia lagi	Fear
ahaha betuls, takut kayak yang waktu kemarin udah pede salah nah yang sekarang bener	Fear
om kok nyempil gitu. ngeri om	Fear
ngeri bgt sih	Fear
dibonceng, bcs smpe skrg suka bego klo lampu merah kadang kelabas untung aja msh hidup. trs cape jg bwa mtr sndri + rada takut nyebrang klo ga modal nekat.	Fear
malu banget tadi nangis dipergokin nyokap	Fear
ini dari kemarin kepala pusing, badan pegel pegel, flu, trs hari ini tenggorokan mulai sakit kenapa yaa :(( takut bangett	Fear
dia doang yg melet2!!!! kaget akk	Fear
tapi takut klu egois	Fear
panik bgt tadi akunku ke logout sendiri	Fear
takut bgt galak	Fear
mau ketawa tapi takut	Fear
kalo yang hockey summer masi bisa diliat lah ini kek pas oper oper pucknya tuh bisa ngepas gitu mana kan mereka lari sana sini liatnya takut pada kepleset	Fear
nemu menfess yang gua banget. tapi ragu mau rep..	Fear
eh bukan deng wkwkw kaget bgt, anjir mana rompi osisnya mirip + belakang gedungnya mirip. pas liat badgenya bukan sekolah gw	Fear
takut anjir	Fear
hari ini belum ngerjain tugas samsek males banget takut numpuk tapi males	Fear
aslinya aku orang yang jarang bgt nelfon orang tua kalo lagi jauh, tp belakangan ini pengen denger suara mereka terus, walaupun mewek kalo lagi telfon tp sedikit bikin tenang. sehabis kelar telfon cemas lagi..	Fear
walaupun danpuspom anak buahnya emangnya lu kebal hukum, tugas puspom ga liat lu jendralnya tapi liat kasus hukumnya. bilang aja dung emang takut dikerangkeng.	Fear
mau agak bar bar tapi agak takut juga kak	Fear
aku salkir ke org astagfirullah malu	Fear
wkwkw infp bener bgtt. udah gelisah gelisah panik tapi tetep kek, "haduh sebentar lah main farmville dulu" "duh ngantuk yaudahlah tidur dulu"	Fear
gila malu banget lah	Fear
rodo ngeri sedep bismillah iso yo iso semangat garuda muda	Fear
ngeri ye..	Fear
agak ngeri tp tetep semangat gurls!	Fear
takut banget lohh ada cacing kepanasan ahah	Fear
gue malu bgt di idm masuk wc cowo	Fear
belum ge mulai .. kepala udah nyut-nyutan gini ngeri meledak aja sih	Fear
pano anj gua kaget	Fear
takut blunder lagi ya.jane nik bek kanan e ra dolop bisa lebih baik lagi	Fear
ini sebenarnya pak richi ada rasa sama ibel tapi takut	Fear
eh tergantung kali ya nder, di ruangan kan make ac (biasanya) terus sekelas juga dikit, takut ganggu yang lain gak sih kalo buka fresh care secara wanginya itu nyegrak banget masuk hidung..	Fear
takut ditinggal ayang..	Fear
jangan disini ah malu	Fear
emg dri dulu gak bgitu takut w sm ni virus. sungguh sgt percaya diri tp beneran alhamdulillah sehat trus	Fear
takut ditabok	Fear
iya sih kalo pake jubah tp nonton sendirian agak malu, kalo ama temen masi agak ketolong	Fear
takut abis barbar	Fear
jiahaha ..biasanya yg curhat cewek.. dimedsos lagi. kasihan istrinya yg menanggung malu dikampung	Fear
pernah dijelasin, emg ngeri sih vi, tapii kepo bgt haha	Fear
dia panas ada kali 2 hari sampe 39 deg2an bgt bun. ngeri step	Fear
malu banget anjirr, tadi ada yg teriak "misi paket", gue udah buru2 mau buka pintu, kirain paket gue udah dateng, taunya paketnya untuk rumah sebelah	Fear
kata gw admin seluruh warga somethinc lg panik huft	Fear
mau tidur tp takut kebablasan	Fear
ini si zam ngapain dm gue? gue takut anying	Fear
kebanyakan follow takut limit	Fear
jends, kalian ada yg udh pernah nyoba skintific moist?? bagus gasi? ak mau beli tp masi ragu soalnya harganya lumayann	Fear
iya makanya gue takut banget	Fear
knp chat sama pembina deg deg an takut gt ya	Fear
iya sis udah takut gosong soalnya kalo ga dibalik	Fear
gada hantu2nya, seremnya karna psikopat yg ada disekitar yg bs ngebunuh kapan aja. saya baru nyampe eps 4 tapi, lebih ngeri dr pd hantu2 vibesnya.	Fear
biyen smp sma paling seneng olahraga . dadi ora khawatir jg sih nek dikokon roll depan belakang.	Fear
. masya allah. awalnya gue suka dengerin lagu lagu klasik gitu pas menjelang mau tidur, tapi trus temen gue bilang "gimana kalo lu meninggal nanti disetelinnya kpop bukan al quran" takut gue	Fear
takut..	Fear
anjerr ngeri boss	Fear
takut - takut	Fear
srs rasa nak main member haha takut nak mintak	Fear
ke papua takut melanggar ham kata nya dung dung, beraninya sama rakyat sipil yg tidak bersenjata banyak banyak istighfar liat nya	Fear
ini gegara sebelom tidur gw panik akun ltmpt panik jurusan kuliah	Fear
anj suaranya deep bgt takut	Fear
ngga sih, gue malu soalnya pake baju haram. ga terbiasa juga pergi2 pake baju begitu	Fear
gue takut..	Fear
tim zombie yang meningoy *takut gadapet univ tapi pen tep rebahan	Fear
iya bener, soalnya takut kelupaan, takut lama karena bingung terus kasian yg antri	Fear
mens team ngeri banget	Fear
ngeri, nganti dimakamkan di satu liang	Fear
kenapa aku kalo reflek tuh suka malu maluin diri sendiri	Fear
yg blm gw fb bentar ya aksjsj gue takut limit	Fear
si indy malu sampe ke ubun ubun	Fear
bused, agak ngeri notifnya	Fear
kemarin ada yg menyandingkan bung karno dengan munarman, sekarang giliran haikal ngoceh ttg bung karno. kelihatan terstruktur dan sistematis. ada nuansa adu domba (supaya pdip dan nasionalis lainnya ngamuk). ada pula nuansa mengaburkan sejarah. ngeri..	Fear
iya ya dulu ifnt banyak muncul di variety shows, lvlz lumayan meskipun lama2 mulai berkurang juga. ga ngerti deh di balik layar kek apa soalnya dunia showbiz kadang bisa ngeri banget kompetisinya.	Fear
wkwkkw malu bat anjg, bilang kangen kangen tapi gada yang peduli	Fear
oh, iya ngeri banget sampe keluar ususnya, matanya dicolok, badannya kepotong yg ditangga	Fear
anjir takut diomelin	Fear
lagi kerja disemangatin sama si cantik yang belum mandi gara gara takut beku	Fear
gw yang punya aja terkejut mei	Fear
non moots lagi ya allah bye ah malu	Fear
takut bgt karna kepala pusing, tenggorokan mulai serak dan badan anget :" untung kemajuan teknologi di tahun 2022 ini menyelamatkan anak kost sepertiku :') terimakasih gomart	Fear
jujur gue juga panik, bikin keinget rasa sakitnya kayak apa selama 3 minggu :(	Fear
malu tapi	Fear
pengen pisang kopi klotok tapi takut copid	Fear
kaget kirain akun temen ku, dn sama ava sama	Fear
ngeri bgt dah kek drama thriller psikopat	Fear
takut sepi tapi yang lain tak berarti.	Fear
umi pagi2 jangan marah-marah ya	Fear
jangan pernah benci sama orang, bisa aja dia jodoh kam	Fear
iya ni mau aku jemur dirumah, kalo nggak mama marah	Fear
memang, tapi banyak orang takut minta maaf bukan karena takut merasa rendah, tapi takut jika sakit hatinya ini tidak bisa dijadikan rasa benci. jadi hilangkanlah rasa benci dalam hati	Fear
kita semua punya rasa marah sama wowo prof, jgn dendam ya prof. kan waktu milih kita serahkan semua pada allah.. tpi klo inget trus kejadian itu bole laah prof.	Fear
sabar ya mbak, bingung mau berkata apa. kalau aku pribadi jdi mbaknya bakalan marah besar sih	Fear
bingung banget barcode apa ku kira dia shopping soalnya aku kalau kesal atau badmood suka jajan :'&lt; ternyata self harm astaga	Fear
ayo mam dlu ntar reonnya marah &gt;:(	Fear
nnti pcr pcr ku marah kak	Fear
serem bgt ego tuh.....ditambah lagi gue ngerasa bego parah krn gak mudeng kalo the tag kan merekanya masih ada ketawa2 haha hihi tp kalo ego tuh full kayak gt serem bbuanget b nya lima	Fear
jgn marah yq osah	Fear
qaqa jangan marah marah.. takut nanti cepat tua	Fear
udah dong marah nya	Fear
plis yah gua tuh benci bgt kalo udh rapi tapi tiba tiba kebelet berak	Fear
dia mau marah pun lucu banget tapi jika masuk teel orang lain aq maloe	Fear
tapi keinget pas lsp ngejurnal manual sampe arus kas gue lancar, komputer juga lancar, eh giliran ujian teori gue zonk bgt tiba2 kek orng bego wkwkw	Fear
mo marah ngeliat orang pake filter mata banyak2 di muka yaallah merinding gue	Fear
kalo ditembak nanti pacarku marah:3	Fear
nervous bodoh	Fear
mampus pelatih dance gue pasti marah bnyk yg izin	Fear
ngga si kak, tp baru sampe rumah jam 8 pagi kyinya fix ngantuk bgt gak kuat melek td kirain 10 malem gt wkwk mino km benci aku ya	Fear
koyok e dendam deh nih kocheng, grgr mau subuh tak kancing i lawang	Fear
njir gue sakit tenggorokan, gk enak badan, tulang linu jd mikir kena cvd, ngeri	Fear
bulan engga enak ati ga si ini	Fear
aku ga pake yang niacinn tp yang botol ungu gila bgt, kaget bisa langsung cerah sekali pake, agak ngeri	Fear
berlaku buat seller juga sih. kalo sudah ada yang take, at least ngabarin ke calon buyernya biar sama-sama enak. kalo sama-sama ghosting ya gimana wkwk ngeri juga	Fear
km luarnya klo ada mbak?as kebersihannya enak jd ada yg bersihin tiap minggunya. yaa krn bareng2 jd kurang privasi aja km dalemnya privasi terjaga, kl mlm ga usah keluar kmr. kl kamarnya kecil jd lembab, rawan binatang2 kecil, bau huhu (klo g rajin bersihin ya)	Fear
cerah aja apa buat hari ini, aku mau ke jtp. ga lucu kalo ujan, terus gagal lagi.	Fear
kalo sosis rebus enak, tp nugget?? aneh gk sih???	Fear
feelingku ga enak emang sama ini wkwk	Fear
mjb, itu janji jiwa nya biar udah dua hari masih enak rasanya? gk basi?	Fear
ada yang bisa hack ig ga? tolongin banget , hati gua udah ga enak dari seminggu yang lalu	Fear
gue klo di mall suka ga enak sama yg baru nge pel. dan ga ada jalan lain. akhirnya jalan jungkit2 sama bilang maaf ya mas ?mbak	Fear
kenapa ya perasaan ku gak enak, mau pergi padahal nanti	Fear
ga enak banget tinggal di tempat orang	Fear
duren kalo langsung ngga enak, kalo olahan baru enak, takut cium baunya	Fear
sebenarnya bagus, cuma karna sellernya galak jadi pada ngeri	Fear
gatau. tapi aneh banget kok orang-orang banyak yang suka sama dia?	Fear
takut banget, serius. enih mereka tempat gw curhat, tp gw suka lupa mau curhat	Fear
aku di sini cengeng, suka misuh, tiap hari ngeluh, belom lagi kalo ngomong kasar, jadi tau aku aslinya kek mana. takut aja kalo ada temen rl nanti yang ada makin gak nyaman sama aku. jadi kalopun ada temen rl yang aku ajak ke sini, i know i trust them.	Fear
in other hand belum berani nonton kukira kau rumah meskipun suka banget lagu dan musikalnya krn (selain omicron) jg takut mental health jadi bagian dari plot aja	Fear
aku gak pernah minta nebeng kecuali emang ditawarin, karena ya ini dan gak enakan juga soalnya waktu itu ada temen yang cerita dia sebel banget minta ditebengin mulu mentang" searah. jadi suka kepikiran kalau nebeng dia keberatan apa enggak	Fear
yang biasanya pendiem banget, kalo tiba-tiba oversharing itu kadang suka ngga kekontrol, terus akhirnya nyesel udah cerita jadinya takutan	Fear
masih kepikiran ji ung kenapa rela suka sama yeon su lama banget yak padahal dah dari jaman kapan tau emang yeon su cuma buat choi ung sepaket, pemeran utama. ga akan yg tiba2 moveon ngga si org kayak yeon su. eman waktunya mas	Fear
serem banget mio-chan ternyata suka makan dinosaurus.. -s	Fear
sumpah bukannya gue ga nyaman cuman gue takut malah suka sama lo kenapa lo ga peka sih kak gue jadi lebih diem tuh biar gue ga jatuh lebih jauh	Fear
nah iyaa, kaget banget terus mikir "kok bisa dia suka sama gue"	Fear
bukan nggak suka sama seriesnya, iya aktingnya bagus, soundtracknya jg bagus, tapi ceritnya serem. serem banget.	Fear
”karena ditempat kaos kaki suka banget amburadul ga di gulung habis dicuci, jadi pagi pagi buru buru kadang ga mikir. pas sampe kelas baru sadar :d tapi trobos aja sih ampe panikan	Fear
dulu aku gini, sampek sd kayanya. ga suka sama rumput2, apalgi yg tajem2. takut, nggak nyaman, geli hassembuh lah pokonya wkwk	Fear
jap i confuse crush i kan up status takde sapa sayang dia padahal dia tahu i suka dia and kalau nak cakap lupa i tengok status dia hari2	Fear
ga berani ngucapin happy birthday ke cowo yg gue suka anj. kalo gue pikir pikir sekarang, kek dulu gue bego banget anj. padahal itu kesempatan emass	Fear
kdg suka ngayal nemenin doi wisuda beh bahagia banget kali yak rasanya wkwk. tp takut juga kalau pd akhirnya bukan aku yg nemenin	Fear
zoo anabul kecil tetangga aku gamau diem, kadang suka tbtb masuk kerumah. kadang suka pup diteras rumah jg, apa karna sering kita kasih makan jadi begitu ya?	Fear
aquarius gak pinter bohong, to the point banget dan kadang karena to the pointnya dia itu suka bikin sakit hati jadi takut ketemuan	Fear
ayah suh bawa exora g hostel memang kelat la muka guwe bukan enggak suka tapi takut drivenya malah mobil nya gedek banget	Fear
pengen banget beliin layout kapel buat pcr virtual tapi masalahnya kita brdua suka layout mati lampu	Fear
kalau yang nggak terlalu pait, masih sukaa. tapi kalau yang pait banget nggak suka wkwk takut ama rasa pait soalnya	Fear
degdegan banget hari ini ya ampun.. semoga lancar,,sinyal bisa kerjasama ya please.. tabletku jgn suka tiba2 no connection ya! salam sehat waras semuanya	Fear
minderan anjir klo suka sm org. abis gmn ya gua selalu aja suka sm santri, dgn fisik yg tdk memadai serta akhlakless gini jd lebih nyaman mencintai dlm diam wkwk. udh gt doi pernah liat gua nyedot tijus make selang, apa ga nambah jijay??	Fear
sering, dan sampe hari ini pun masih suka kaya gitu. gak tau suka takut aja gitu, apalagi klo malem beuh kadang deg degan banget. mana blm bahagiain ortu makin makin dah ketakutan	Fear
langsung aku unfoll loh, ternyata alasan orang2 pada ga suka sama dia sekarang jelas banget orgnya bikin ngerian	Fear
takut banget km suka orang lain huhu :(	Fear
aaakk sama banget kaya temen sma aku, dia teriak2 di sekolah minta cutter buat bundir astagah. legend banget si. dan masalahnya ya dia putus sama cowonya trs cowonya suka sama cewe lain, ngeri bangettt	Fear
baru nyadar dulu kenapa suka banget beli boneka babi. jadi numpuk di lemari gini astaga	Fear
haha, bener : dit, jgn pasang muka judes gitu dong. ntar kalo diliat sama mas anu kan nggak enak. dia kan suka sama kamu. kaget banget cuy. dia lho, temennya pada cakep2 semua. kok bisa sih sampe naksir sama remahan roma kelapa kek aing gini? kan rada nggak make sense.	Fear
haii, aku mau nanya. sekalipun diminta cv doang juga tetep kasih surat lamaran kerja? bedanya body email sama surat lamaran kerja apa ya? soalnya aku masih suka susah bedain.. dan aku selama ini ngirim file cv, di body email kayak lamaran kerjanya(?) takut salah	Fear
iya, sering. terus, suka mikir, "ada berapa bayi yang lahir hari ini, ya?" random banget njir gue :"")	Fear
ada ga sih cewe yang tulus ke aku, takut patah hati	Fear
memfilter org org yg toxic yg suka ngurusin hidup orang. parah banget ngerinya	Fear
udah mau tanggal 14 februari. tolong jangan aneh-aneh yah pas valentine day, soalnya gua gak suka sama scorpio. tolong banget nih.	Fear
gataunyaa, emang suka dikerasin gitu, bahkan suka dibuat rada lebam gitu. anw akting mereka keren banget sih di sini . ini engga bohong gue jadi kek dibawa ngerasain rasanya jadi dom dan sub gitu, jadi penasaran plus ngeri geli gitu	Fear
gw sering banget typo ya allah. mana kalo typo suka ga sadar lagi keknya typo adalah jalan ninjaku.	Fear
mbakk.. aku kalo jadi kamu bakalan malu banget sihh coba bikin statement permintaan maaf dulu trus abis itu rest hehe tp semoga ga blunder lagi ya soalnya aku liat tweet kamu akhir2 ini suka blunder	Fear
mau tanya, kalian lebih suka /bw kalo di au tuh yg seumuran/ si bright lebih tua jd manggil kakak gitu. bimbang banget	Fear
takut banget kalo sampe nikah keluarga ga suka. trus cuma datang langsung pergi kaya tamu. kalo gitu kan kesan gak sukanya emang keliatan gt ya.	Fear
kenapa ya gue suka kaget ada luka cakar? kucing sendiri. cuma kadang gue gak inget terus pas lagi elus kaki ada luka melintang, ternyata cakar kucing. dan pagi ini ada lagi. dua pula. mana gede banget anjir. fix, ini kucing yg paling gede.	Fear
suka, kadang berasa lagi ngomong sama dahyun soalnya ak mirip banget sama dahyun tapi ragu-ragu	Fear
jangan jatuh cinta dan suka daripada sakit hati!	Fear
aku gini, mamah nya masih sering banget minta temenin pegi atau ga nyuruh main kerumah. padahal mamahnya tau kita udah ga bareng. berasa takut , takut bikin risih pasangan doi nantinya. dan akhirnya aku suka cari alesan gitu, dan aga ngasih space	Fear
aku mah masa tiap harii sama kadang nih paginya ga ngapa2in tetep aja ke logout , makanya ini suka degdegan banget takuut	Fear
ga boleh boncengan cowo cewe kalo bukan sodaraan, aneh banget sih menurutku. soalnya kan banyak nih cowo-cowo yang suka dengan baik hati nawarin boncengan soalnya ya emang baik aja gitu as a friend, masa gabisa sih. btw ini sekolah negeri ya	Fear
ini kcg rumahan ga kemana-mana sama mamanya terus tapi itu lehernya kaya luka. apa karena suka gelut diajarin mamanya itu ya tapi masa sih? kcg! btw itu aku pegang posisi dia nyaman dan bentar kok	Fear
jangan pernah lo sia2in, lo kecewain, lo sakitin orang yg sayang dan udah nyaman sama lo demi orang yg lo suka. jangan!	Fear
kalau dia lgi marah omongannya pedas banget suka banting barang apa pun yg ada didekatnya	Fear
ga. gue tuh pengen tidur cepet, tapi selalu nggak bisa, selalu ga tenang. kayak ga ngebolehin gue buat tidur. kadang suka kebangun lah sampe bangun-bangun pusing. ini juga gegara begadang mata jadi keliatan capek banget sama kantong mata item banget	Fear
terus tadi gue sempet stalk ig nya gitu terus lo tau?? gue ga sengaja click like anjir demi allah gue langsung ah mau menghilang dari bumi!! terus kalau di sekolah kan suka papasan gitu gue suka pengen nyapa tapi takut, duh gimana ya cara kenalan nya? kasih tips dong	Fear
ngga tau kenapa dr kecil aku takut banget sm laut. lebih suka bukit , gunung sebenernya suka banget tp kan dingin, aku gak kuat dingin. takut pingsan kl kedinginan.	Fear
kenapa ya orang suka banget ujar kebencian, ga mikirin perasaan orang lain tuh sedih atau kepikiran gituu, aku jadi takut makin banyak orang jahat	Fear
iya njir, deobo gada kabar samsek, agak kawtir	Fear
harap demam biasa :( takut copid	Fear
skrg gwe gk berani lg nntn sndiri di bioskop, pdhl dlu biasa biasa ajj, knp yh	Fear
semoga baik baik saja	Fear
sabtu pagi bukannya dapat kabar gembira malah dapat kabar yang bikin deg degan alias t____t jadwal ujian sekolah sama ukk bulan depan	Fear
di tlp ex bisa biasa aja tapi kalo ketemu jantung saya tidak aman	Fear
ga biasa bgt. weekend padahal. suami bangun pagi, jogging, nawarin aku mau makan apa dan langsung dibeliin, lanjut sarapan bareng. kesambet apa dia	Fear
mulut berkata "jalani saja dulu" sementara hati ngedumel deg"an "bisa skip ngga sih"	Fear
kirain saya saja yg g sk seblak, nyium aroma y saja mual	Fear
mu tersingkir di fa cup? jangan bercanda deh kalo ngasih kabar tuh ah	Fear
karunya teuing ihh semaleman khawatirr gada kabar	Fear
tatapan matanya bisa biasa aja gakk ngeri liatnya	Fear
bangun bangun dapet kabar temenku positif takut jadinya	Fear
dua hari ini, ngerasa flu tapi gejala omicron gtu. semoga aja si emng flu biasa, bismillah gpp meski takut	Fear
ta tapi aku biasa ga di aduk takut gk enak	Fear
tdr gua knp gabisa tenang si, ya gua tau setiap hri hrs bgun pgi, tp setidaknya ksih wktu buat ngumpulin nyawa dl kek, pala gua suka tbtb pusing hrs lgsung gerak bantuin ini dan itu, ya tp gpp si udh biasa jg. mana klo lg tdr kdg suka diajak ngobrol.	Fear
* sepasang muda-mudi lagi nonton bioskop. ceweknya berbisik, mas ada orang onani di sebelahku. "cuekin saja," kata cowoknya. "ngak enak mas, dia paksa pakai tanganku! takut"	Fear
hlt! guys, aku punya kebiasaan ngopi, ga tiap hari sih, cuma kadang.. nah pagi ini abis ngopi, tb2 bagian atas selangkangan sebelah kanan sakit..kira2 ada hubungannya ga ya? tapi aku buang air ga kenapa2,normal..	Fear
orang di rumah sakit sudah biasa ketemu dokter, lah aku malah takutan	Fear
sekolah itu biasanya ramai tapi ramai karna makhluk tak kasat mata wkwkwk bikin merinding	Fear
4 bln ya desember lalu gw kaget mulu klo om gw dateng. takut ngasih kabar kematian.	Fear
wowkowkwowkwowow bjimsroott 2 aja ngery ap kabar gw 9 takut nih wkkwk	Fear
sore - sore harusnya bisa tenang ini malah deg"an gegara dikagetin gk jelas	Fear
iya iyaang.. mau reply biasa gw kong tapi gw tag bapak ade,takut nganu nanti	Fear
plis wei baru bangun tidur tiba2 pas buka twitter dapet kabar denise	Fear
lah lah kaget dong aku, kok kamu malah sedih??	Fear
aneh bgt perasaanya ga enak gini. kek degdegkan, sedih, takut gt. bismillah smoga lancarr aamiin	Fear
kadang tu kalo malem terus kamar sunyi tiba² ada suara cicak tu ngeri anjir gue langsung bangun lagi	Fear
asli gue pikir temen gue sedih ga bisa jadi kutu beras aja udah aneh apalagi gue makin ngeri dah	Fear
bisa kesurupan klo main ditempat sepi	Fear
break dulu, soalnya gamau kecewa untuk yg kedua kalinya sebelum ketemu yg benar-benar tulus	Fear
takut aku kecewa	Fear
kepikiran bikin ginian dari kapan tahun karena merasakan susahnya cari peralatan bayi tp dipakai cuman sebentar. tp liat kondisi daerah sini gak memungkinkan, banyak yg sepi jasa sewanya, agak meragukan	Fear
mending gausah deh daripada kecewa	Fear
ini yang gue takut, kalo uda mulai berharap sama orang, tkut kecewa.. :)	Fear
gak enak , jangan sedih sedih juga ah , jadi ngeri nih	Fear
sakit banyak quin ini masih mau diperiksa penyebabnya. temenin dong takut nih sepi sekali	Fear
sedikit sedih kmren ngga jadi tindakan injeksi tp emng bener kata dokternya, aku dah vakum 3 bulanan, jd kalo langsung injeksi lg nanti kaget malah kmren cuma dikasi obat sama salep gt banyak bener, jadi takut sendiri	Fear
gara2 osd ceramah masalah ks, diotak gua terngiang2, kebayang2 ketakutan yg slama ini gua simpen sendiri. gimana klo nanti gua digituin? gua balik ke ortu? sedangkan bpk gua pelaku, emak gua korban yg bikin sedih trauma2 masa kecil masih membekas jd bikin	Fear
naik mobil yang disopirin bapakku, ekstrim bgt, mentang2 jalan papua sepi, kecepatannya selalu di atas 100. rasanya kek diajak mati	Fear
karena rasanya aib banget gue takut stigma orang2 mandang gue orgil:") setakut itu padahal sekarang udah banyak banget yg speak up tentang mental illnessnya masing2. makanya gue agak gedeg sama orang2 yg ngaku2 punya mental illness bermodal self diagnose. sedih bgt gue liatnya	Fear
menjijikan sekali:( kesel, marah, sedih, takut!! ngerrriii arghhh	Fear
ff, ya? hmm, romance, sih. soalnya itu genre paling aman. sebenarnya in general sukanya family tragedy, tapi kalau lagi butuh dua itu, aku larinya ke film; jarang lari ke ff because i tend to expect dan takut kecewa”nanti jadi gak comfortable lagi.	Fear
mana pulangnya kan malem ya, eh jalannya tbtb sepi gada lampu jalan :" agak gimana gitu	Fear
takut kecewa sama ekspektasi	Fear
inget guys teras cihampelas bandung tempat relokasi penjual sepanjang jalan cihampelas aja ga efektif. mungkin beberapa bulan pertama bakal banyak pengunjung tapi setelah ketemu banyak minusnya bakal sepi dan kumuh, jadi agak jijik gitu	Fear
takutnya kecewa,jadi kasihan gitu	Fear
ni nhapa sepi amat dah ngerii	Fear
bgt! sepi dan serem	Fear
sepi aneh kayak ada yg perhatiin tapi gk ada sapa"	Fear
joonyoung.. paling merinding sama sedih jadi 1	Fear
mau nonton kukira kau rumah awokaowkwk, tapi takut terlalu sedih jadi kalut	Fear
gila, sepi bgt rumah gue berasa nge kos nying takut ah	Fear